source_csv,query_id,question,building,approach,model_name,skipped,score_error,original_f1,original_row_coverage,original_excess_rows,num_bgp_culprits,num_filter_culprits,best_found_at_depth,best_relaxed_f1,best_relaxed_row_coverage,best_relaxed_excess_rows,delta_f1,best_relaxed_triples,best_relaxed_path_texts,best_relaxed_query,diagnose_error,elapsed_sec
/Users/lazlopaul/Desktop/223p/experiments/sparql-relax-rs/eval/Experiment_Results/DA-KGQA/gemini-flash-2.5.csv,LBNL_002,"Identify each entity that is an AHU, and either has a directly associated property or is indirectly connected to a property via a connectable.",b59,dakgqa_google/gemini-flash,gemini-flash-2.5,False,,0.0,0,0,0,0,,,,,,,,,,0.132
/Users/lazlopaul/Desktop/223p/experiments/sparql-relax-rs/eval/Experiment_Results/DA-KGQA/gemini-flash-2.5.csv,LBNL_002,"For each Air Handling Unit (AHU) whose label includes 'RTU', what are the related non-writable property labels and ALC and MPC endpoint references?",b59,dakgqa_google/gemini-flash,gemini-flash-2.5,False,,0.0,0,0,1,0,,,,,,,,,,0.132
/Users/lazlopaul/Desktop/223p/experiments/sparql-relax-rs/eval/Experiment_Results/DA-KGQA/gemini-flash-2.5.csv,LBNL_002,"For each air handling unit whose label contains rtu, identify any connectable element it contains that observes or has property a property, or any property it has directly, and for each property give its label along with the ALC endpoint and the MPC database name from its external reference",b59,dakgqa_google/gemini-flash,gemini-flash-2.5,False,,0.0,0,0,0,0,,,,,,,,,,0.262
/Users/lazlopaul/Desktop/223p/experiments/sparql-relax-rs/eval/Experiment_Results/DA-KGQA/gemini-flash-2.5.csv,LBNL_001,How can I find the alc and mpc endpoints for zone properties that aren't editable?,b59,dakgqa_google/gemini-flash,gemini-flash-2.5,False,,0.0,0,0,1,0,1,0.0,0,0,0.0,?property <http://www.w3.org/2000/01/rdf-schema#domain> ?superClassDomain,((<http://www.w3.org/1999/02/22-rdf-syntax-ns#type> / <http://www.w3.org/2000/01/rdf-schema#subClassOf>) | (<http://www.w3.org/1999/02/22-rdf-syntax-ns#type> / <http://www.w3.org/1999/02/22-rdf-syntax-ns#type>)),SELECT DISTINCT ?property ?propertyLabel ?zoneClass ?superClassDomain WHERE { ?property <http://www.w3.org/1999/02/22-rdf-syntax-ns#type> <http://www.w3.org/1999/02/22-rdf-syntax-ns#Property> . ?property ((<http://www.w3.org/1999/02/22-rdf-syntax-ns#type> / <http://www.w3.org/2000/01/rdf-schema#subClassOf>) | (<http://www.w3.org/1999/02/22-rdf-syntax-ns#type> / <http://www.w3.org/1999/02/22-rdf-syntax-ns#type>)) ?superClassDomain . { <https://brickschema.org/schema/Brick#Zone> <http://www.w3.org/2000/01/rdf-schema#subClassOf> ?superClassDomain . BIND(<https://brickschema.org/schema/Brick#Zone> AS ?zoneClass) } UNION { <http://data.ashrae.org/standard223#Zone> <http://www.w3.org/2000/01/rdf-schema#subClassOf> ?superClassDomain . BIND(<http://data.ashrae.org/standard223#Zone> AS ?zoneClass) } OPTIONAL { ?property <http://www.w3.org/2000/01/rdf-schema#label> ?propertyLabel . } } LIMIT 50000,,0.368
/Users/lazlopaul/Desktop/223p/experiments/sparql-relax-rs/eval/Experiment_Results/DA-KGQA/gemini-flash-2.5.csv,LBNL_001,List the labels of all non-writable properties for zones and show the corresponding alc endpoint and mpc database endpoint for each.,b59,dakgqa_google/gemini-flash,gemini-flash-2.5,False,,0.0,0,0,1,0,,,,,,,,,,0.171
/Users/lazlopaul/Desktop/223p/experiments/sparql-relax-rs/eval/Experiment_Results/DA-KGQA/gemini-flash-2.5.csv,LBNL_001,What alc and mpc endpoints are defined for the read-only properties of each zone?,b59,dakgqa_google/gemini-flash,gemini-flash-2.5,False,,0.0,0,0,0,1,,,,,,,,,,0.135
/Users/lazlopaul/Desktop/223p/experiments/sparql-relax-rs/eval/Experiment_Results/DA-KGQA/gemini-flash-2.5.csv,LBNL_001,"For each Zone that either has a Property directly or has a RoomDomainSpace reached by two connected steps and a contains relationship leading to a Property, what is the label of that Property and what are the external reference alc endpoint and mpc endpoint when writable is False?",b59,dakgqa_google/gemini-flash,gemini-flash-2.5,False,,0.0,0,0,1,0,,,,,,,,,,0.234
/Users/lazlopaul/Desktop/223p/experiments/sparql-relax-rs/eval/Experiment_Results/DA-KGQA/gemini-flash-2.5.csv,LBNL_001,"Which properties associated with building zones (including those linked through room domain spaces and chained connections) are read-only, and what are their labels together with the alc and mpc endpoints in their external references?",b59,dakgqa_google/gemini-flash,gemini-flash-2.5,False,,0.0,0,0,2,2,1,0.0,0,0,0.0,?property <http://www.w3.org/2000/01/rdf-schema#domain> ?domainClass,^(<http://www.w3.org/ns/shacl#path>),SELECT DISTINCT ?property ?label WHERE { VALUES ( ?zoneRelatedEntity ) { ( <http://data.ashrae.org/standard223#Zone> ) ( <https://brickschema.org/schema/Brick#HVAC_Zone> ) ( <https://brickschema.org/schema/Brick#Room> ) ( <https://brickschema.org/schema/Brick#Zone_Air> ) ( <http://www.w3.org/2000/01/rdf-schema#Class> ) ( <http://www.w3.org/2002/07/owl#Class> )  } { { ?zoneRelatedEntity ?property ?value . FILTER((((?property = <http://www.w3.org/2000/01/rdf-schema#label>) || (?property = <http://www.w3.org/2000/01/rdf-schema#comment>)) || (?property = <http://www.w3.org/1999/02/22-rdf-syntax-ns#type>))) } UNION { ?property ^(<http://www.w3.org/ns/shacl#path>) ?domainClass . FILTER((?domainClass = ?zoneRelatedEntity)) } } UNION { ?nodeShape <http://www.w3.org/ns/shacl#targetClass> ?zoneRelatedEntity . BIND(<http://www.w3.org/ns/shacl#targetClass> AS ?property) } OPTIONAL { ?property <http://www.w3.org/2000/01/rdf-schema#label> ?label . } } LIMIT 50000,,0.816
/Users/lazlopaul/Desktop/223p/experiments/sparql-relax-rs/eval/Experiment_Results/DA-KGQA/gemini-flash-2.5.csv,LBNL_001,"For each zone (target), what are the related non-writable property labels and ALC and MPC endpoint references?",b59,dakgqa_google/gemini-flash,gemini-flash-2.5,False,,0.0,0,0,2,0,2,0.018802,0,0,0.018802,?zoneRelatedShape <http://www.w3.org/ns/shacl#targetClass> <http://data.ashrae.org/standard223#Zone> | ?zoneRelatedShape <http://www.w3.org/ns/shacl#property> ?propertyNode,((<http://www.w3.org/2000/01/rdf-schema#subClassOf> / ^(<http://www.w3.org/2000/01/rdf-schema#subClassOf>)) | (<http://www.w3.org/1999/02/22-rdf-syntax-ns#type> / ^(<http://www.w3.org/1999/02/22-rdf-syntax-ns#type>))) | (((((((<http://www.w3.org/ns/shacl#property> | <http://www.w3.org/2000/01/rdf-schema#subClassOf>) | <http://www.w3.org/2000/01/rdf-schema#comment>) | <http://www.w3.org/2000/01/rdf-schema#label>) | <http://www.w3.org/1999/02/22-rdf-syntax-ns#type>) | ^(<http://www.w3.org/2000/01/rdf-schema#subClassOf>)) | ^(<http://www.w3.org/ns/shacl#class>)) | ^(<http://www.w3.org/1999/02/22-rdf-syntax-ns#type>)),SELECT ?zoneRelatedShape ?targetClass ?propertyNode WHERE { { <http://data.ashrae.org/standard223#Zone> <http://www.w3.org/1999/02/22-rdf-syntax-ns#type> <http://www.w3.org/ns/shacl#NodeShape> .<http://data.ashrae.org/standard223#Zone> <http://www.w3.org/ns/shacl#property> ?propertyNode . BIND(<http://data.ashrae.org/standard223#Zone> AS ?zoneRelatedShape) BIND(<http://data.ashrae.org/standard223#Zone> AS ?targetClass) } UNION { ?zoneRelatedShape <http://www.w3.org/1999/02/22-rdf-syntax-ns#type> <http://www.w3.org/ns/shacl#NodeShape> . ?zoneRelatedShape ((<http://www.w3.org/2000/01/rdf-schema#subClassOf> / ^(<http://www.w3.org/2000/01/rdf-schema#subClassOf>)) | (<http://www.w3.org/1999/02/22-rdf-syntax-ns#type> / ^(<http://www.w3.org/1999/02/22-rdf-syntax-ns#type>))) <http://data.ashrae.org/standard223#Zone> . OPTIONAL { ?zoneRelatedShape (((((((<http://www.w3.org/ns/shacl#property> | <http://www.w3.org/2000/01/rdf-schema#subClassOf>) | <http://www.w3.org/2000/01/rdf-schema#comment>) | <http://www.w3.org/2000/01/rdf-schema#label>) | <http://www.w3.org/1999/02/22-rdf-syntax-ns#type>) | ^(<http://www.w3.org/2000/01/rdf-schema#subClassOf>)) | ^(<http://www.w3.org/ns/shacl#class>)) | ^(<http://www.w3.org/1999/02/22-rdf-syntax-ns#type>)) ?propertyNode . } BIND(<http://data.ashrae.org/standard223#Zone> AS ?targetClass) } } LIMIT 50000,,0.569
/Users/lazlopaul/Desktop/223p/experiments/sparql-relax-rs/eval/Experiment_Results/DA-KGQA/gemini-flash-2.5.csv,LBNL_003,"For each water-to-water heat pump, what property does it contain, what is the label of that property, which quantity does it observe, and what are the ALC endpoint and MPC database name of its non-writable external reference?",b59,dakgqa_google/gemini-flash,gemini-flash-2.5,False,,0.0,0,0,1,0,,,,,,,,,,0.267
/Users/lazlopaul/Desktop/223p/experiments/sparql-relax-rs/eval/Experiment_Results/DA-KGQA/gemini-flash-2.5.csv,LBNL_002,"Which RTU units expose properties with external endpoints, and what are the property labels along with those ALC and MPC endpoint addresses",b59,dakgqa_google/gemini-flash,gemini-flash-2.5,False,,0.0,0,0,0,0,,,,,,,,,,0.454
/Users/lazlopaul/Desktop/223p/experiments/sparql-relax-rs/eval/Experiment_Results/DA-KGQA/gemini-flash-2.5.csv,LBNL_002,Where can I find the nonwritable external ALC and MPC endpoints for properties on each RTU air handling unit,b59,dakgqa_google/gemini-flash,gemini-flash-2.5,False,,0.0,0,0,1,0,,,,,,,,,,0.236
/Users/lazlopaul/Desktop/223p/experiments/sparql-relax-rs/eval/Experiment_Results/DA-KGQA/gemini-flash-2.5.csv,LBNL_003,"Which internal properties of water-to-water heat pumps observe specific quantities via non-writable external references, and what are those references’ ALC endpoints and MPC database names along with the property labels?",b59,dakgqa_google/gemini-flash,gemini-flash-2.5,False,,0.0,0,0,0,0,,,,,,,,,,0.262
/Users/lazlopaul/Desktop/223p/experiments/sparql-relax-rs/eval/Experiment_Results/DA-KGQA/gemini-flash-2.5.csv,LBNL_003,Which read-only ALC and MPC endpoints deliver the measurement data for water-to-water heat pumps?,b59,dakgqa_google/gemini-flash,gemini-flash-2.5,False,,0.0,0,0,0,0,,,,,,,,,,0.358
/Users/lazlopaul/Desktop/223p/experiments/sparql-relax-rs/eval/Experiment_Results/DA-KGQA/gemini-flash-2.5.csv,LBNL_003,Where can I access the read-only operational data endpoints for our water-to-water heat pumps?,b59,dakgqa_google/gemini-flash,gemini-flash-2.5,False,,0.0,0,0,0,0,,,,,,,,,,0.352
/Users/lazlopaul/Desktop/223p/experiments/sparql-relax-rs/eval/Experiment_Results/DA-KGQA/gemini-flash-2.5.csv,LBNL_003,What non-writable external endpoints and MPC database names are associated with measurements taken by components inside water-to-water heat pumps?,b59,dakgqa_google/gemini-flash,gemini-flash-2.5,False,,0.0,0,0,0,0,,,,,,,,,,0.668
/Users/lazlopaul/Desktop/223p/experiments/sparql-relax-rs/eval/Experiment_Results/DA-KGQA/gemini-flash-2.5.csv,LBNL_004,"Which external references marked as non-writable are associated with water-to-water heat pump properties, and what are their property labels along with the ALC and MPC endpoints?",b59,dakgqa_google/gemini-flash,gemini-flash-2.5,False,,0.0,0,0,0,0,,,,,,,,,,0.198
/Users/lazlopaul/Desktop/223p/experiments/sparql-relax-rs/eval/Experiment_Results/DA-KGQA/gemini-flash-2.5.csv,LBNL_004,"For each Water-to-Water Heat Pump, what are the related non-writable property labels and ALC and MPC endpoint references?",b59,dakgqa_google/gemini-flash,gemini-flash-2.5,False,,0.0,0,0,1,0,,,,,,,,,,0.363
/Users/lazlopaul/Desktop/223p/experiments/sparql-relax-rs/eval/Experiment_Results/DA-KGQA/gemini-flash-2.5.csv,LBNL_004,"For each water-to-water heat pump, what property does it have, what is the property's label, and what are the ALC endpoint and MPC database endpoint of its non-writable external reference?",b59,dakgqa_google/gemini-flash,gemini-flash-2.5,False,,0.0,0,0,1,0,,,,,,,,,,0.304
/Users/lazlopaul/Desktop/223p/experiments/sparql-relax-rs/eval/Experiment_Results/DA-KGQA/gemini-flash-2.5.csv,LBNL_004,Where can I find the read-only control and database addresses for the attributes of water-to-water heat pumps?,b59,dakgqa_google/gemini-flash,gemini-flash-2.5,False,,0.0,0,0,0,0,,,,,,,,,,0.193
/Users/lazlopaul/Desktop/223p/experiments/sparql-relax-rs/eval/Experiment_Results/DA-KGQA/gemini-flash-2.5.csv,LBNL_004,What are the non-writable ALC and MPC endpoints and their related property names for all water-to-water heat pumps?,b59,dakgqa_google/gemini-flash,gemini-flash-2.5,False,,0.0,0,0,0,0,,,,,,,,,,0.285
/Users/lazlopaul/Desktop/223p/experiments/sparql-relax-rs/eval/Experiment_Results/DA-KGQA/gemini-flash-2.5.csv,LBNL_005,What is the label of each UFT?,b59,dakgqa_google/gemini-flash,gemini-flash-2.5,False,,0.0,0,0,1,0,,,,,,,,,,0.485
/Users/lazlopaul/Desktop/223p/experiments/sparql-relax-rs/eval/Experiment_Results/DA-KGQA/gemini-flash-2.5.csv,LBNL_002,"For RTU air handling units, what are the property names and their associated ALC and MPC endpoints defined in the external references",b59,dakgqa_google/gemini-flash,gemini-flash-2.5,False,,0.0,0,0,0,0,,,,,,,,,,3.341
/Users/lazlopaul/Desktop/223p/experiments/sparql-relax-rs/eval/Experiment_Results/DA-KGQA/gemini-flash-2.5.csv,LBNL_003,Get reheat ARU data (for UFT reheat) by identifying each entity that is a Water-to-Water Heat Pump and contains a property that observes a non-writable quantity with reference endpoints.,b59,dakgqa_google/gemini-flash,gemini-flash-2.5,False,,0.0,0,0,0,0,,,,,,,,,timed out after 5.0s,5.105
/Users/lazlopaul/Desktop/223p/experiments/sparql-relax-rs/eval/Experiment_Results/DA-KGQA/gemini-flash-2.5.csv,LBNL_003,"For each Water-to-Water Heat Pump, what are the related property labels and non-writable quantities' ALC and MPC endpoint references?",b59,dakgqa_google/gemini-flash,gemini-flash-2.5,False,,0.0,0,0,0,0,,,,,,,,,timed out after 5.0s,5.115
/Users/lazlopaul/Desktop/223p/experiments/sparql-relax-rs/eval/Experiment_Results/DA-KGQA/gemini-flash-2.5.csv,LBNL_005,"Which volume flow and heat flow measurements do unitary fan terminals record, and how are those measurements described and quantified?",b59,dakgqa_google/gemini-flash,gemini-flash-2.5,False,,0.0,0,0,0,0,,,,,,,,,,0.214
/Users/lazlopaul/Desktop/223p/experiments/sparql-relax-rs/eval/Experiment_Results/DA-KGQA/gemini-flash-2.5.csv,LBNL_005,What volume and heat flow data are available from the fan terminals?,b59,dakgqa_google/gemini-flash,gemini-flash-2.5,False,,0.0,0,0,0,0,,,,,,,,,,0.353
/Users/lazlopaul/Desktop/223p/experiments/sparql-relax-rs/eval/Experiment_Results/DA-KGQA/gemini-flash-2.5.csv,LBNL_005,What performance metrics are provided by unitary fan terminals?,b59,dakgqa_google/gemini-flash,gemini-flash-2.5,False,,0.0,0,0,0,1,,,,,,,,,,0.241
/Users/lazlopaul/Desktop/223p/experiments/sparql-relax-rs/eval/Experiment_Results/DA-KGQA/gemini-flash-2.5.csv,LBNL_002,What read-only control endpoints are available for properties of RTU units,b59,dakgqa_google/gemini-flash,gemini-flash-2.5,False,,0.0,0,0,0,0,,,,,,,,,timed out after 5.0s,5.28
/Users/lazlopaul/Desktop/223p/experiments/sparql-relax-rs/eval/Experiment_Results/DA-KGQA/gemini-flash-2.5.csv,LBNL_006,"For each UFT, what is its label, the label of the zone it's indirectly connected to (through a junction and domain space), and the label of the AHU that indirectly supplies it?",b59,dakgqa_google/gemini-flash,gemini-flash-2.5,False,,0.0,0,0,0,0,,,,,,,,,,0.499
/Users/lazlopaul/Desktop/223p/experiments/sparql-relax-rs/eval/Experiment_Results/DA-KGQA/gemini-flash-2.5.csv,LBNL_006,"What are the labels of each underfloor terminal, the label of the zone whose domain space it is connected to, and the label of the air handling unit supplying it?",b59,dakgqa_google/gemini-flash,gemini-flash-2.5,False,,0.0,0,0,1,0,,,,,,,,,,0.386
/Users/lazlopaul/Desktop/223p/experiments/sparql-relax-rs/eval/Experiment_Results/DA-KGQA/gemini-flash-2.5.csv,LBNL_006,"For every underfloor terminal, which zone does it serve and which air handling unit feeds air to it?",b59,dakgqa_google/gemini-flash,gemini-flash-2.5,False,,0.0,0,0,0,0,,,,,,,,,,0.495
/Users/lazlopaul/Desktop/223p/experiments/sparql-relax-rs/eval/Experiment_Results/DA-KGQA/gemini-flash-2.5.csv,LBNL_006,How are thermal zones linked to air handling units through underfloor terminals?,b59,dakgqa_google/gemini-flash,gemini-flash-2.5,False,,0.0,0,0,0,0,,,,,,,,,query has no basic graph pattern triples to diagnose,0.338
/Users/lazlopaul/Desktop/223p/experiments/sparql-relax-rs/eval/Experiment_Results/DA-KGQA/gemini-flash-2.5.csv,LBNL_006,"Which underfloor distribution devices serve which thermal zones, and from which air handling units do they receive air?",b59,dakgqa_google/gemini-flash,gemini-flash-2.5,False,,0.0,0,0,0,0,,,,,,,,,,0.655
/Users/lazlopaul/Desktop/223p/experiments/sparql-relax-rs/eval/Experiment_Results/DA-KGQA/gemini-flash-2.5.csv,LBNL_007,"What are the labels of the air temperature sensors (in °F), their quantifiable observable properties, and the domain spaces they’re located in, specifically for sensors placed in HVAC core spaces?",b59,dakgqa_google/gemini-flash,gemini-flash-2.5,False,,0.0,0,0,1,1,2,0.0,0,0,0.0,?entity <http://www.w3.org/2000/01/rdf-schema#label> ?label | ?entity <http://www.w3.org/2000/01/rdf-schema#label> ?label,((<http://www.w3.org/ns/shacl#targetClass> | <http://www.w3.org/ns/shacl#rule>) | <http://www.w3.org/1999/02/22-rdf-syntax-ns#type>) | ((<http://www.w3.org/ns/shacl#targetClass> | <http://www.w3.org/ns/shacl#rule>) | <http://www.w3.org/1999/02/22-rdf-syntax-ns#type>),"SELECT DISTINCT ?entity ?label ?type WHERE { { ?entity <http://www.w3.org/1999/02/22-rdf-syntax-ns#type> <http://www.w3.org/2002/07/owl#Class> . ?entity ((<http://www.w3.org/ns/shacl#targetClass> | <http://www.w3.org/ns/shacl#rule>) | <http://www.w3.org/1999/02/22-rdf-syntax-ns#type>) ?label . BIND(""AirTemperatureSensorClass"" AS ?type) FILTER(CONTAINS(LCASE(?label), ""air temperature sensor"")) } UNION { ?entity <http://www.w3.org/1999/02/22-rdf-syntax-ns#type> <http://www.w3.org/ns/shacl#NodeShape> . ?entity ((<http://www.w3.org/ns/shacl#targetClass> | <http://www.w3.org/ns/shacl#rule>) | <http://www.w3.org/1999/02/22-rdf-syntax-ns#type>) ?label . BIND(""SHACLNodeShape"" AS ?type) FILTER(((?entity = <http://data.ashrae.org/standard223#QuantifiablePropertyShape>) || (?entity = <http://data.ashrae.org/standard223#DomainSpaceShape>))) } } LIMIT 50000",,0.313
/Users/lazlopaul/Desktop/223p/experiments/sparql-relax-rs/eval/Experiment_Results/DA-KGQA/gemini-flash-2.5.csv,LBNL_007,"What are the labels of the sensors that observe a quantifiable observable property of temperature with unit degrees Fahrenheit on fluid air, and what are the labels of those temperature properties and the domain spaces (with domain HVAC and defined as core spaces) where those sensors have their observation location?",b59,dakgqa_google/gemini-flash,gemini-flash-2.5,False,,0.0,0,0,0,0,,,,,,,,,,0.401
/Users/lazlopaul/Desktop/223p/experiments/sparql-relax-rs/eval/Experiment_Results/DA-KGQA/gemini-flash-2.5.csv,LBNL_007,"Which sensors measure air temperature in degrees Fahrenheit, what are the names of the temperature properties they observe, and in which HVAC core spaces are they located?",b59,dakgqa_google/gemini-flash,gemini-flash-2.5,False,,0.0,0,0,1,0,,,,,,,,,,0.245
/Users/lazlopaul/Desktop/223p/experiments/sparql-relax-rs/eval/Experiment_Results/DA-KGQA/gemini-flash-2.5.csv,LBNL_004,How do I retrieve the non-writable interface endpoints for my water-to-water heat pumps?,b59,dakgqa_google/gemini-flash,gemini-flash-2.5,False,,0.0,0,0,0,0,,,,,,,,,timed out after 5.0s,5.2
/Users/lazlopaul/Desktop/223p/experiments/sparql-relax-rs/eval/Experiment_Results/DA-KGQA/gemini-flash-2.5.csv,LBNL_006,Which zones are served by which air handling units via the underfloor air distribution system?,b59,dakgqa_google/gemini-flash,gemini-flash-2.5,False,,0.0,0,0,0,0,,,,,,,,,query has no basic graph pattern triples to diagnose,0.187
/Users/lazlopaul/Desktop/223p/experiments/sparql-relax-rs/eval/Experiment_Results/DA-KGQA/gemini-flash-2.5.csv,LBNL_005,"What volume or heat flow rate properties does each UFT have, including their labels, aspects, values, and units?",b59,dakgqa_google/gemini-flash,gemini-flash-2.5,False,,0.0,0,0,0,0,,,,,,,,,timed out after 5.0s,5.159
/Users/lazlopaul/Desktop/223p/experiments/sparql-relax-rs/eval/Experiment_Results/DA-KGQA/gemini-flash-2.5.csv,LBNL_007,"Identify the air temperature sensing devices using Fahrenheit in HVAC core spaces and provide their sensor names, the corresponding measurement labels, and the space names.",b59,dakgqa_google/gemini-flash,gemini-flash-2.5,False,,0.0,0,0,0,0,,,,,,,,,,0.368
/Users/lazlopaul/Desktop/223p/experiments/sparql-relax-rs/eval/Experiment_Results/DA-KGQA/gemini-flash-2.5.csv,LBNL_007,"Which Fahrenheit air temperature sensors are installed in core areas of the HVAC domain, and what are the labels of those sensors, their measurement points, and the spaces?",b59,dakgqa_google/gemini-flash,gemini-flash-2.5,False,,0.0,0,0,1,0,,,,,,,,,,0.249
/Users/lazlopaul/Desktop/223p/experiments/sparql-relax-rs/eval/Experiment_Results/DA-KGQA/gemini-flash-2.5.csv,LBNL_007,Can you list all sensors monitoring air temperature in Fahrenheit within core HVAC areas along with their measurement point names and the names of their locations?,b59,dakgqa_google/gemini-flash,gemini-flash-2.5,False,,0.0,0,0,2,0,,,,,,,,,,0.178
/Users/lazlopaul/Desktop/223p/experiments/sparql-relax-rs/eval/Experiment_Results/DA-KGQA/gemini-flash-2.5.csv,LBNL_005,"For each unitary fan terminal, what is its label, and for each property it has that is a volume flow rate or heat flow rate, what are the property’s label, aspect, value, and unit?",b59,dakgqa_google/gemini-flash,gemini-flash-2.5,False,,0.0,0,0,0,0,,,,,,,,,timed out after 5.0s,5.296
/Users/lazlopaul/Desktop/223p/experiments/sparql-relax-rs/eval/Experiment_Results/DA-KGQA/gemini-flash-2.5.csv,MORTAR_001,Can you find nodes that has information about an external reference?,bldg11,dakgqa_google/gemini-flash,gemini-flash-2.5,False,,0.0,0,0,1,0,1,0.0,0,0,0.0,?entity <http://www.w3.org/2000/01/rdf-schema#subClassOf> <https://brickschema.org/schema/Brick/ref#ExternalReference>,^(<http://www.w3.org/2000/01/rdf-schema#subClassOf>),SELECT DISTINCT ?entity ?label WHERE { { { { ?entity ^(<http://www.w3.org/2000/01/rdf-schema#subClassOf>) <https://brickschema.org/schema/Brick/ref#ExternalReference> . } UNION { ?entity <http://www.w3.org/2000/01/rdf-schema#subClassOf> <http://data.ashrae.org/standard223#ExternalReference> . } } UNION {  BIND(<https://brickschema.org/schema/Brick/ref#ExternalReference> AS ?entity) } } UNION {  BIND(<http://data.ashrae.org/standard223#ExternalReference> AS ?entity) } OPTIONAL { ?entity <http://www.w3.org/2000/01/rdf-schema#label> ?label . } } LIMIT 50000,,0.286
/Users/lazlopaul/Desktop/223p/experiments/sparql-relax-rs/eval/Experiment_Results/DA-KGQA/gemini-flash-2.5.csv,LBNL_005,"List each unitary fan terminal along with its volume flow rate or heat flow rate measurements, including each measurement’s name, aspect, recorded value, and unit.",b59,dakgqa_google/gemini-flash,gemini-flash-2.5,False,,0.0,0,0,0,0,,,,,,,,,timed out after 5.0s,5.175
/Users/lazlopaul/Desktop/223p/experiments/sparql-relax-rs/eval/Experiment_Results/DA-KGQA/gemini-flash-2.5.csv,MORTAR_001,What are the brick points in this graph?,bldg11,dakgqa_google/gemini-flash,gemini-flash-2.5,False,,0.0,0,0,0,0,,,,,,,,,,0.267
/Users/lazlopaul/Desktop/223p/experiments/sparql-relax-rs/eval/Experiment_Results/DA-KGQA/gemini-flash-2.5.csv,MORTAR_001,Which entities that are instances of Point (including its subclasses) have which types?,bldg11,dakgqa_google/gemini-flash,gemini-flash-2.5,True,,1.0,0,0,,,,,,,,,,,,
/Users/lazlopaul/Desktop/223p/experiments/sparql-relax-rs/eval/Experiment_Results/DA-KGQA/gemini-flash-2.5.csv,MORTAR_001,What points does this graph have?,bldg11,dakgqa_google/gemini-flash,gemini-flash-2.5,False,,0.0,0,0,1,0,1,0.013287,0,0,0.013287,<https://brickschema.org/schema/BrickTag#Point> <https://brickschema.org/schema/Brick#isAssociatedWith> ?associatedEntity,(((<http://www.w3.org/2000/01/rdf-schema#label> | <http://www.w3.org/1999/02/22-rdf-syntax-ns#type>) | ^(<https://brickschema.org/schema/Brick#hasAssociatedTag>)) | ^(<http://www.w3.org/ns/shacl#object>)),SELECT DISTINCT ?associatedEntity WHERE { <https://brickschema.org/schema/BrickTag#Point> (((<http://www.w3.org/2000/01/rdf-schema#label> | <http://www.w3.org/1999/02/22-rdf-syntax-ns#type>) | ^(<https://brickschema.org/schema/Brick#hasAssociatedTag>)) | ^(<http://www.w3.org/ns/shacl#object>)) ?associatedEntity . } LIMIT 50000,,0.532
/Users/lazlopaul/Desktop/223p/experiments/sparql-relax-rs/eval/Experiment_Results/DA-KGQA/gemini-flash-2.5.csv,MORTAR_001,What data sources I have in my system?,bldg11,dakgqa_google/gemini-flash,gemini-flash-2.5,False,,0.0,0,0,1,1,,,,,,,,,,0.66
/Users/lazlopaul/Desktop/223p/experiments/sparql-relax-rs/eval/Experiment_Results/DA-KGQA/gemini-flash-2.5.csv,MORTAR_002,Find all equipment and its points that are Zone Air Temperature Setpoints,bldg11,dakgqa_google/gemini-flash,gemini-flash-2.5,True,,0.499438,0,0,,,,,,,,,,,,
/Users/lazlopaul/Desktop/223p/experiments/sparql-relax-rs/eval/Experiment_Results/DA-KGQA/gemini-flash-2.5.csv,MORTAR_001,What data points are defined in the building model and how are they classified?,bldg11,dakgqa_google/gemini-flash,gemini-flash-2.5,False,,0.0,0,0,1,0,1,0.0,0,0,0.0,<https://brickschema.org/schema/BrickTag#Point> <https://brickschema.org/schema/Brick#isAssociatedWith> ?pointClass,((<http://www.w3.org/1999/02/22-rdf-syntax-ns#type> | (^(<http://www.w3.org/ns/shacl#object>) / <http://www.w3.org/ns/shacl#predicate>)) | (<http://www.w3.org/1999/02/22-rdf-syntax-ns#type> / ^(<http://www.w3.org/1999/02/22-rdf-syntax-ns#type>))),SELECT DISTINCT ?pointClass ?pointLabel ?superClass ?superClassLabel WHERE { <https://brickschema.org/schema/BrickTag#Point> ((<http://www.w3.org/1999/02/22-rdf-syntax-ns#type> | (^(<http://www.w3.org/ns/shacl#object>) / <http://www.w3.org/ns/shacl#predicate>)) | (<http://www.w3.org/1999/02/22-rdf-syntax-ns#type> / ^(<http://www.w3.org/1999/02/22-rdf-syntax-ns#type>))) ?pointClass . OPTIONAL { ?pointClass <http://www.w3.org/2000/01/rdf-schema#label> ?pointLabel . } OPTIONAL { ?pointClass <http://www.w3.org/2000/01/rdf-schema#subClassOf> ?superClass . OPTIONAL { ?superClass <http://www.w3.org/2000/01/rdf-schema#label> ?superClassLabel . } FILTER((!(?superClass = <http://www.w3.org/2002/07/owl#Thing>) && !(?superClass = ?pointClass))) } } LIMIT 50000,,0.859
/Users/lazlopaul/Desktop/223p/experiments/sparql-relax-rs/eval/Experiment_Results/DA-KGQA/gemini-flash-2.5.csv,MORTAR_001,What point entities exist and what types are they assigned?,bldg11,dakgqa_google/gemini-flash,gemini-flash-2.5,False,,0.0,0,0,1,0,1,0.003046,0,0,0.003046,?entity <http://www.w3.org/1999/02/22-rdf-syntax-ns#type> <https://brickschema.org/schema/Brick#Entity>,(((<http://www.w3.org/1999/02/22-rdf-syntax-ns#type> / <http://www.w3.org/2000/01/rdf-schema#subClassOf>) | (<http://www.w3.org/1999/02/22-rdf-syntax-ns#type> / ^(<http://www.w3.org/1999/02/22-rdf-syntax-ns#type>))) | (<http://www.w3.org/2000/01/rdf-schema#subClassOf> / <http://www.w3.org/2000/01/rdf-schema#subClassOf>)),"SELECT DISTINCT ?entity ?type ?label WHERE { ?entity <http://www.w3.org/2000/01/rdf-schema#label> ?label .?entity <http://www.w3.org/1999/02/22-rdf-syntax-ns#type> ?type . ?entity (((<http://www.w3.org/1999/02/22-rdf-syntax-ns#type> / <http://www.w3.org/2000/01/rdf-schema#subClassOf>) | (<http://www.w3.org/1999/02/22-rdf-syntax-ns#type> / ^(<http://www.w3.org/1999/02/22-rdf-syntax-ns#type>))) | (<http://www.w3.org/2000/01/rdf-schema#subClassOf> / <http://www.w3.org/2000/01/rdf-schema#subClassOf>)) <https://brickschema.org/schema/Brick#Entity> . FILTER((CONTAINS(LCASE(STR(?label)), ""point"") || CONTAINS(LCASE(STR(?label)), ""setpoint""))) } LIMIT 50000",,0.687
/Users/lazlopaul/Desktop/223p/experiments/sparql-relax-rs/eval/Experiment_Results/DA-KGQA/gemini-flash-2.5.csv,MORTAR_002,Which equipment regulates the air temperature in rooms,bldg11,dakgqa_google/gemini-flash,gemini-flash-2.5,False,,0.0,0,0,0,1,,,,,,,,,,0.52
/Users/lazlopaul/Desktop/223p/experiments/sparql-relax-rs/eval/Experiment_Results/DA-KGQA/gemini-flash-2.5.csv,MORTAR_002,What equipment has setpoints for zone air temperature and what are they?,bldg11,dakgqa_google/gemini-flash,gemini-flash-2.5,False,,0.0,0,0,0,0,,,,,,,,,,0.336
/Users/lazlopaul/Desktop/223p/experiments/sparql-relax-rs/eval/Experiment_Results/DA-KGQA/gemini-flash-2.5.csv,MORTAR_001,Which data points does the system include and how are they grouped?,bldg11,dakgqa_google/gemini-flash,gemini-flash-2.5,False,,0.0,0,0,1,0,,,,,,,,,,1.524
/Users/lazlopaul/Desktop/223p/experiments/sparql-relax-rs/eval/Experiment_Results/DA-KGQA/gemini-flash-2.5.csv,MORTAR_002,What are the target temperatures for each zone and which devices supply these targets?,bldg11,dakgqa_google/gemini-flash,gemini-flash-2.5,False,,0.0,0,0,0,0,,,,,,,,,,0.566
/Users/lazlopaul/Desktop/223p/experiments/sparql-relax-rs/eval/Experiment_Results/DA-KGQA/gemini-flash-2.5.csv,MORTAR_002,"For each point that is a zone air temperature setpoint, which equipment has that point?",bldg11,dakgqa_google/gemini-flash,gemini-flash-2.5,False,,0.0,0,0,1,0,,,,,,,,,,0.917
/Users/lazlopaul/Desktop/223p/experiments/sparql-relax-rs/eval/Experiment_Results/DA-KGQA/gemini-flash-2.5.csv,MORTAR_002,Which HVAC components provide setpoints for regulating zone air temperature and what are those setpoints called?,bldg11,dakgqa_google/gemini-flash,gemini-flash-2.5,False,,0.0,0,0,0,1,,,,,,,,,,0.485
/Users/lazlopaul/Desktop/223p/experiments/sparql-relax-rs/eval/Experiment_Results/DA-KGQA/gemini-flash-2.5.csv,MORTAR_003,What equipment has sensors for Supply air temperature and what are they?,bldg11,dakgqa_google/gemini-flash,gemini-flash-2.5,True,,0.5,0,0,,,,,,,,,,,,
/Users/lazlopaul/Desktop/223p/experiments/sparql-relax-rs/eval/Experiment_Results/DA-KGQA/gemini-flash-2.5.csv,MORTAR_003,Find all equipment and its points that are Supply Air Temperature Sensors,bldg11,dakgqa_google/gemini-flash,gemini-flash-2.5,True,,0.498789,0,0,,,,,,,,,,,,
/Users/lazlopaul/Desktop/223p/experiments/sparql-relax-rs/eval/Experiment_Results/DA-KGQA/gemini-flash-2.5.csv,MORTAR_003,What are the Supply Air Temperature Sensors and the equipment they belong to?,bldg11,dakgqa_google/gemini-flash,gemini-flash-2.5,True,,0.488152,0,0,,,,,,,,,,,,
/Users/lazlopaul/Desktop/223p/experiments/sparql-relax-rs/eval/Experiment_Results/DA-KGQA/gemini-flash-2.5.csv,MORTAR_003,List the supply air temperature sensors and the equipment that has point to them,bldg11,dakgqa_google/gemini-flash,gemini-flash-2.5,True,,1.0,0,0,,,,,,,,,,,,
/Users/lazlopaul/Desktop/223p/experiments/sparql-relax-rs/eval/Experiment_Results/DA-KGQA/gemini-flash-2.5.csv,MORTAR_003,What equipment monitors the supply air temperature,bldg11,dakgqa_google/gemini-flash,gemini-flash-2.5,False,,0.0,0,0,0,0,,,,,,,,,,0.285
/Users/lazlopaul/Desktop/223p/experiments/sparql-relax-rs/eval/Experiment_Results/DA-KGQA/gemini-flash-2.5.csv,MORTAR_003,Which devices measure supply air temperature,bldg11,dakgqa_google/gemini-flash,gemini-flash-2.5,False,,0.0,0,0,0,1,,,,,,,,,,0.972
/Users/lazlopaul/Desktop/223p/experiments/sparql-relax-rs/eval/Experiment_Results/DA-KGQA/gemini-flash-2.5.csv,MORTAR_002,Which equipment controls the temperature settings for building zones?,bldg11,dakgqa_google/gemini-flash,gemini-flash-2.5,False,,0.0,0,0,0,0,,,,,,,,,,1.723
/Users/lazlopaul/Desktop/223p/experiments/sparql-relax-rs/eval/Experiment_Results/DA-KGQA/gemini-flash-2.5.csv,MORTAR_001,List all measurement points along with their categories.,bldg11,dakgqa_google/gemini-flash,gemini-flash-2.5,False,,0.0,0,0,0,0,,,,,,,,,timed out after 5.0s,5.234
/Users/lazlopaul/Desktop/223p/experiments/sparql-relax-rs/eval/Experiment_Results/DA-KGQA/gemini-flash-2.5.csv,MORTAR_003,Which pieces of equipment include a sensor for measuring supply air temperature,bldg11,dakgqa_google/gemini-flash,gemini-flash-2.5,False,,0.0,0,0,1,0,,,,,,,,,,1.424
/Users/lazlopaul/Desktop/223p/experiments/sparql-relax-rs/eval/Experiment_Results/DA-KGQA/gemini-flash-2.5.csv,MORTAR_003,Where in the system is supply air temperature measured,bldg11,dakgqa_google/gemini-flash,gemini-flash-2.5,False,,0.0,0,0,0,1,,,,,,,,,,0.677
/Users/lazlopaul/Desktop/223p/experiments/sparql-relax-rs/eval/Experiment_Results/DA-KGQA/gemini-flash-2.5.csv,MORTAR_004,What are the Zone Air Temperature Sensors and the equipment they belong to?,bldg11,dakgqa_google/gemini-flash,gemini-flash-2.5,True,,0.497436,0,0,,,,,,,,,,,,
/Users/lazlopaul/Desktop/223p/experiments/sparql-relax-rs/eval/Experiment_Results/DA-KGQA/gemini-flash-2.5.csv,MORTAR_004,Find all equipment and its points that are Zone Air Temperature Sensors,bldg11,dakgqa_google/gemini-flash,gemini-flash-2.5,True,,0.500968,0,0,,,,,,,,,,,,
/Users/lazlopaul/Desktop/223p/experiments/sparql-relax-rs/eval/Experiment_Results/DA-KGQA/gemini-flash-2.5.csv,MORTAR_004,Which zone air temperature sensor instances are connected by has point to which equipment?,bldg11,dakgqa_google/gemini-flash,gemini-flash-2.5,False,,0.0,0,0,1,0,,,,,,,,,,0.4
/Users/lazlopaul/Desktop/223p/experiments/sparql-relax-rs/eval/Experiment_Results/DA-KGQA/gemini-flash-2.5.csv,MORTAR_004,Which pieces of equipment include a sensor that measures the air temperature in a zone?,bldg11,dakgqa_google/gemini-flash,gemini-flash-2.5,False,,0.0,0,0,1,0,,,,,,,,,,0.635
/Users/lazlopaul/Desktop/223p/experiments/sparql-relax-rs/eval/Experiment_Results/DA-KGQA/gemini-flash-2.5.csv,MORTAR_004,What equipment has sensors for zone air temperature and what are they?,bldg11,dakgqa_google/gemini-flash,gemini-flash-2.5,True,,0.40062,0,0,,,,,,,,,,,,
/Users/lazlopaul/Desktop/223p/experiments/sparql-relax-rs/eval/Experiment_Results/DA-KGQA/gemini-flash-2.5.csv,MORTAR_004,Where can I find the equipment that provides measurements of temperature in each zone?,bldg11,dakgqa_google/gemini-flash,gemini-flash-2.5,False,,0.0,0,0,0,0,,,,,,,,,query has no basic graph pattern triples to diagnose,0.323
/Users/lazlopaul/Desktop/223p/experiments/sparql-relax-rs/eval/Experiment_Results/DA-KGQA/gemini-flash-2.5.csv,MORTAR_004,Which devices monitor the temperature in the building zones?,bldg11,dakgqa_google/gemini-flash,gemini-flash-2.5,True,,0.668389,0,0,,,,,,,,,,,,
/Users/lazlopaul/Desktop/223p/experiments/sparql-relax-rs/eval/Experiment_Results/DA-KGQA/gemini-flash-2.5.csv,MORTAR_002,What are the Zone Air Temperature Setpoints and the equipment they belong to?,bldg11,dakgqa_google/gemini-flash,gemini-flash-2.5,False,,0.0,0,0,0,0,,,,,,,,,timed out after 5.0s,5.272
/Users/lazlopaul/Desktop/223p/experiments/sparql-relax-rs/eval/Experiment_Results/DA-KGQA/gemini-flash-2.5.csv,MORTAR_005,Find all connected pairs of Zone Air Temperature Sensors and Setpoints,bldg11,dakgqa_google/gemini-flash,gemini-flash-2.5,False,,0.0,0,0,0,0,,,,,,,,,query has no basic graph pattern triples to diagnose,0.572
/Users/lazlopaul/Desktop/223p/experiments/sparql-relax-rs/eval/Experiment_Results/DA-KGQA/gemini-flash-2.5.csv,MORTAR_004,What devices are fitted with zone temperature sensors and what are those sensors?,bldg11,dakgqa_google/gemini-flash,gemini-flash-2.5,False,,0.0,0,0,0,1,,,,,,,,,,0.803
/Users/lazlopaul/Desktop/223p/experiments/sparql-relax-rs/eval/Experiment_Results/DA-KGQA/gemini-flash-2.5.csv,MORTAR_002,"Which devices include points that set the air temperature in a zone, and what are those points?",bldg11,dakgqa_google/gemini-flash,gemini-flash-2.5,False,,0.0,0,0,0,0,,,,,,,,,timed out after 5.0s,5.557
/Users/lazlopaul/Desktop/223p/experiments/sparql-relax-rs/eval/Experiment_Results/DA-KGQA/gemini-flash-2.5.csv,MORTAR_005,"Which equipment has a zone air temperature sensor and a zone air temperature setpoint, and what are the names of those sensor and setpoint points?",bldg11,dakgqa_google/gemini-flash,gemini-flash-2.5,False,,0.0,0,0,1,0,,,,,,,,,,0.689
/Users/lazlopaul/Desktop/223p/experiments/sparql-relax-rs/eval/Experiment_Results/DA-KGQA/gemini-flash-2.5.csv,MORTAR_005,Which zone air temperature sensors and setpoints are linked to the same equipment?,bldg11,dakgqa_google/gemini-flash,gemini-flash-2.5,False,,0.0,0,0,1,0,2,0.0,0,0,0.0,?setpointClass <https://brickschema.org/schema/Brick#hasQuantity> <http://qudt.org/vocab/quantitykind/Temperature> | ?setpointClass <https://brickschema.org/schema/Brick#hasSubstance> <https://brickschema.org/schema/Brick#Zone_Air>,(<https://brickschema.org/schema/Brick#isReplacedBy> / <https://brickschema.org/schema/Brick#hasQuantity>) | (<https://brickschema.org/schema/Brick#isReplacedBy> / <https://brickschema.org/schema/Brick#hasSubstance>),SELECT DISTINCT ?sensorClass ?setpointClass WHERE { ?sensorClass (<http://www.w3.org/2000/01/rdf-schema#subClassOf>)* <https://brickschema.org/schema/Brick#Zone_Air_Temperature_Sensor> . ?sensorClass <http://www.w3.org/1999/02/22-rdf-syntax-ns#type> <http://www.w3.org/2002/07/owl#Class> .?sensorClass <https://brickschema.org/schema/Brick#hasQuantity> <http://qudt.org/vocab/quantitykind/Temperature> .?sensorClass <https://brickschema.org/schema/Brick#hasSubstance> <https://brickschema.org/schema/Brick#Zone_Air> . ?setpointClass (<http://www.w3.org/2000/01/rdf-schema#subClassOf>)* <https://brickschema.org/schema/Brick#Zone_Air_Temperature_Setpoint> . ?setpointClass <http://www.w3.org/1999/02/22-rdf-syntax-ns#type> <http://www.w3.org/2002/07/owl#Class> . ?setpointClass (<https://brickschema.org/schema/Brick#isReplacedBy> / <https://brickschema.org/schema/Brick#hasSubstance>) <https://brickschema.org/schema/Brick#Zone_Air> . ?setpointClass (<https://brickschema.org/schema/Brick#isReplacedBy> / <https://brickschema.org/schema/Brick#hasQuantity>) <http://qudt.org/vocab/quantitykind/Temperature> . FILTER(!(?sensorClass = ?setpointClass)) } LIMIT 50000,,1.627
/Users/lazlopaul/Desktop/223p/experiments/sparql-relax-rs/eval/Experiment_Results/DA-KGQA/gemini-flash-2.5.csv,MORTAR_005,How are room temperature measurements and their target values defined across the building’s equipment?,bldg11,dakgqa_google/gemini-flash,gemini-flash-2.5,False,,0.0,0,0,1,0,1,0.0,0,0,0.0,?concept <http://qudt.org/schema/qudt/hasQuantityKind> ?quantityKind,((((((((((((<https://brickschema.org/schema/Brick#isReplacedBy> | <https://brickschema.org/schema/Brick#hasAssociatedTag>) | <https://brickschema.org/schema/Brick#deprecationMitigationMessage>) | <https://brickschema.org/schema/Brick#deprecatedInVersion>) | <http://www.w3.org/ns/shacl#rule>) | <http://www.w3.org/ns/shacl#property>) | <http://www.w3.org/2004/02/skos/core#definition>) | <http://www.w3.org/2002/07/owl#deprecated>) | <http://www.w3.org/2000/01/rdf-schema#subClassOf>) | <http://www.w3.org/2000/01/rdf-schema#label>) | <http://www.w3.org/1999/02/22-rdf-syntax-ns#type>) | ^(<http://www.w3.org/ns/shacl#class>)) | <https://brickschema.org/schema/Brick#hasQuantity>),"SELECT ?concept ?label ?type ?quantityKind ?substance (?e19dd6ae3d988883695be5990d107742 AS ?associatedTags) WHERE { {SELECT (GROUP_CONCAT(DISTINCT ?tagLabel; SEPARATOR = "", "") AS ?e19dd6ae3d988883695be5990d107742) ?concept ?label ?type ?quantityKind ?substance WHERE { { VALUES ( ?concept ) { ( <https://brickschema.org/schema/Brick#Room_Air_Temperature_Sensor> ) ( <https://brickschema.org/schema/Brick#Room_Air_Temperature_Setpoint> ) ( <https://brickschema.org/schema/Brick#Occupied_Room_Air_Temperature_Setpoint> ) ( <https://brickschema.org/schema/Brick#Effective_Room_Air_Temperature_Setpoint> ) ( <https://brickschema.org/schema/Brick#Unoccupied_Room_Air_Temperature_Setpoint> ) ( <https://brickschema.org/schema/Brick#Occupied_Target_Zone_Air_Temperature_Setpoint> ) ( <https://brickschema.org/schema/Brick#Standby_Target_Zone_Air_Temperature_Setpoint> ) ( <https://brickschema.org/schema/Brick#Effective_Target_Zone_Air_Temperature_Setpoint> )  } ?concept <http://www.w3.org/2000/01/rdf-schema#label> ?label .?concept <http://www.w3.org/1999/02/22-rdf-syntax-ns#type> ?type . OPTIONAL { ?concept ((((((((((((<https://brickschema.org/schema/Brick#isReplacedBy> | <https://brickschema.org/schema/Brick#hasAssociatedTag>) | <https://brickschema.org/schema/Brick#deprecationMitigationMessage>) | <https://brickschema.org/schema/Brick#deprecatedInVersion>) | <http://www.w3.org/ns/shacl#rule>) | <http://www.w3.org/ns/shacl#property>) | <http://www.w3.org/2004/02/skos/core#definition>) | <http://www.w3.org/2002/07/owl#deprecated>) | <http://www.w3.org/2000/01/rdf-schema#subClassOf>) | <http://www.w3.org/2000/01/rdf-schema#label>) | <http://www.w3.org/1999/02/22-rdf-syntax-ns#type>) | ^(<http://www.w3.org/ns/shacl#class>)) | <https://brickschema.org/schema/Brick#hasQuantity>) ?quantityKind . } OPTIONAL { ?concept <https://brickschema.org/schema/Brick#hasSubstance> ?substance . } OPTIONAL { ?concept <https://brickschema.org/schema/Brick#hasAssociatedTag> ?tag .?tag <http://www.w3.org/2000/01/rdf-schema#label> ?tagLabel . } } UNION { VALUES ( ?concept ) { ( <https://brickschema.org/schema/Brick#Equipment> ) ( <https://brickschema.org/schema/Brick#Building> )  } ?concept <http://www.w3.org/2000/01/rdf-schema#label> ?label .?concept <http://www.w3.org/1999/02/22-rdf-syntax-ns#type> ?type . OPTIONAL { ?concept <https://brickschema.org/schema/Brick#hasAssociatedTag> ?tag .?tag <http://www.w3.org/2000/01/rdf-schema#label> ?tagLabel . } } } GROUP BY ?concept ?label ?type ?quantityKind ?substance} } ORDER BY ASC(?label) LIMIT 50000",,0.892
/Users/lazlopaul/Desktop/223p/experiments/sparql-relax-rs/eval/Experiment_Results/DA-KGQA/gemini-flash-2.5.csv,MORTAR_005,"Which devices control the air temperature in building zones, and what sensors and desired values do they use?",bldg11,dakgqa_google/gemini-flash,gemini-flash-2.5,False,,0.0,0,0,3,0,1,0.0,0,0,0.0,?pointClass <http://qudt.org/schema/qudt/hasQuantityKind> <http://qudt.org/vocab/quantitykind/Temperature>,<https://brickschema.org/schema/Brick#hasQuantity>,"SELECT DISTINCT ?pointClass ?label (IF(EXISTS { ?pointClass <https://brickschema.org/schema/Brick#hasAssociatedTag> <https://brickschema.org/schema/BrickTag#Sensor> . }, ""Sensor"", IF(EXISTS { ?pointClass <https://brickschema.org/schema/Brick#hasAssociatedTag> <https://brickschema.org/schema/BrickTag#Setpoint> . }, ""Setpoint"", ""Other"")) AS ?pointType) WHERE { ?pointClass <http://www.w3.org/1999/02/22-rdf-syntax-ns#type> <http://www.w3.org/2002/07/owl#Class> .?pointClass <http://www.w3.org/2000/01/rdf-schema#label> ?label . { ?pointClass <https://brickschema.org/schema/Brick#hasQuantity> <http://qudt.org/vocab/quantitykind/Temperature> . } UNION { ?pointClass <https://brickschema.org/schema/Brick#hasQuantity> <http://qudt.org/vocab/quantitykind/Temperature> . } { ?pointClass <https://brickschema.org/schema/Brick#hasSubstance> <https://brickschema.org/schema/Brick#Air> . } UNION { ?pointClass <https://brickschema.org/schema/Brick#hasSubstance> <https://brickschema.org/schema/Brick#Zone_Air> . } } LIMIT 50000",,0.695
/Users/lazlopaul/Desktop/223p/experiments/sparql-relax-rs/eval/Experiment_Results/DA-KGQA/gemini-flash-2.5.csv,MORTAR_005,What measurement and target temperature points are associated with each device that manages zone air temperature?,bldg11,dakgqa_google/gemini-flash,gemini-flash-2.5,False,,0.0,0,0,1,1,1,0.0,0,0,0.0,?pointClass <http://qudt.org/schema/qudt/hasQuantityKind> ?quantityKind,<https://brickschema.org/schema/Brick#hasQuantity>,SELECT DISTINCT ?pointClass ?pointLabel ?quantityKind ?deviceTagLabel WHERE { { ?pointClass (<http://www.w3.org/2000/01/rdf-schema#subClassOf>)* <https://brickschema.org/schema/Brick#Zone_Air_Temperature_Sensor> . } UNION { ?pointClass (<http://www.w3.org/2000/01/rdf-schema#subClassOf>)* <https://brickschema.org/schema/Brick#Zone_Air_Temperature_Setpoint> . } ?pointClass <http://www.w3.org/2000/01/rdf-schema#label> ?pointLabel . OPTIONAL { ?pointClass <https://brickschema.org/schema/Brick#hasQuantity> ?quantityKind . } OPTIONAL { ?pointClass <https://brickschema.org/schema/Brick#hasQuantity> ?quantityKind . } ?pointClass <https://brickschema.org/schema/Brick#hasAssociatedTag> ?deviceTag .?deviceTag <http://www.w3.org/2000/01/rdf-schema#label> ?deviceTagLabel . FILTER(((?quantityKind = <http://qudt.org/vocab/quantitykind/Temperature>) && ((?deviceTag = <https://brickschema.org/schema/BrickTag#Device>) || (?deviceTag = <https://brickschema.org/schema/BrickTag#Sensor>)))) } ORDER BY ASC(?pointClass) LIMIT 50000,,0.385
/Users/lazlopaul/Desktop/223p/experiments/sparql-relax-rs/eval/Experiment_Results/DA-KGQA/gemini-flash-2.5.csv,MORTAR_006,Find all related sensor and setpoints pairs,bldg11,dakgqa_google/gemini-flash,gemini-flash-2.5,False,,0.0,0,0,0,0,,,,,,,,,,0.562
/Users/lazlopaul/Desktop/223p/experiments/sparql-relax-rs/eval/Experiment_Results/DA-KGQA/gemini-flash-2.5.csv,MORTAR_006,Which assets combine a monitoring device with an adjustable target value?,bldg11,dakgqa_google/gemini-flash,gemini-flash-2.5,False,,0.0,0,0,0,0,,,,,,,,,,0.347
/Users/lazlopaul/Desktop/223p/experiments/sparql-relax-rs/eval/Experiment_Results/DA-KGQA/gemini-flash-2.5.csv,MORTAR_006,Which brick sensors and brick setpoints are connected to the same equipment?,bldg11,dakgqa_google/gemini-flash,gemini-flash-2.5,False,,0.0,0,0,1,0,,,,,,,,,,0.579
/Users/lazlopaul/Desktop/223p/experiments/sparql-relax-rs/eval/Experiment_Results/DA-KGQA/gemini-flash-2.5.csv,MORTAR_006,Find all sensor and setpoints connected to the same equipment,bldg11,dakgqa_google/gemini-flash,gemini-flash-2.5,False,,0.0,0,0,1,1,1,0.0,0,0,0.0,?entity <https://brickschema.org/schema/Brick#isAssociatedWith> ?associatedClass,(((<http://www.w3.org/2000/01/rdf-schema#label> | <http://www.w3.org/1999/02/22-rdf-syntax-ns#type>) | ^(<https://brickschema.org/schema/Brick#hasAssociatedTag>)) | ^(<http://www.w3.org/ns/shacl#object>)),"SELECT DISTINCT ?entity ?type ?label WHERE { { { ?entity <http://www.w3.org/1999/02/22-rdf-syntax-ns#type> <http://www.w3.org/2002/07/owl#Class> .?entity <http://www.w3.org/2000/01/rdf-schema#label> ?label . BIND(""SensorEquipmentClass"" AS ?type) FILTER(CONTAINS(STR(?label), ""Sensor Equipment"")) } UNION { ?entity <http://www.w3.org/1999/02/22-rdf-syntax-ns#type> <https://brickschema.org/schema/Brick#Tag> .?associatedClass <http://www.w3.org/2000/01/rdf-schema#label> ?associatedLabel .?entity <http://www.w3.org/2000/01/rdf-schema#label> ?label . ?entity (((<http://www.w3.org/2000/01/rdf-schema#label> | <http://www.w3.org/1999/02/22-rdf-syntax-ns#type>) | ^(<https://brickschema.org/schema/Brick#hasAssociatedTag>)) | ^(<http://www.w3.org/ns/shacl#object>)) ?associatedClass . BIND(""TagAssociatedWithSensorEquipment"" AS ?type) FILTER(CONTAINS(STR(?associatedLabel), ""Sensor Equipment"")) } } UNION {  BIND(<https://brickschema.org/schema/BrickTag#Setpoint> AS ?entity) ?entity <http://www.w3.org/1999/02/22-rdf-syntax-ns#type> <https://brickschema.org/schema/Brick#Tag> .?entity <http://www.w3.org/2000/01/rdf-schema#label> ?label . BIND(""SetpointTag"" AS ?type) } } LIMIT 50000",,1.067
/Users/lazlopaul/Desktop/223p/experiments/sparql-relax-rs/eval/Experiment_Results/DA-KGQA/gemini-flash-2.5.csv,MORTAR_006,"For every device, which measurement instrument and which control value does it include?",bldg11,dakgqa_google/gemini-flash,gemini-flash-2.5,False,,0.0,0,0,0,0,,,,,,,,,,0.959
/Users/lazlopaul/Desktop/223p/experiments/sparql-relax-rs/eval/Experiment_Results/DA-KGQA/gemini-flash-2.5.csv,MORTAR_007,Which AHUs have both a Cooling Valve Command and a Heating Command point?,bldg11,dakgqa_google/gemini-flash,gemini-flash-2.5,False,,0.0,0,0,1,0,1,0.408163,0,0,0.408163,?ahu <http://www.w3.org/1999/02/22-rdf-syntax-ns#type> <https://brickschema.org/schema/Brick#AHU>,(<http://www.w3.org/1999/02/22-rdf-syntax-ns#type> / <http://www.w3.org/2002/07/owl#equivalentClass>),SELECT DISTINCT ?ahu WHERE { ?ahu <https://brickschema.org/schema/Brick#hasPoint> ?coolingCommandPoint .?coolingCommandPoint <http://www.w3.org/1999/02/22-rdf-syntax-ns#type> <https://brickschema.org/schema/Brick#Cooling_Command> .?ahu <https://brickschema.org/schema/Brick#hasPoint> ?heatingCommandPoint .?heatingCommandPoint <http://www.w3.org/1999/02/22-rdf-syntax-ns#type> <https://brickschema.org/schema/Brick#Heating_Command> . ?ahu (<http://www.w3.org/1999/02/22-rdf-syntax-ns#type> / <http://www.w3.org/2002/07/owl#equivalentClass>) <https://brickschema.org/schema/Brick#AHU> . } LIMIT 50000,,0.864
/Users/lazlopaul/Desktop/223p/experiments/sparql-relax-rs/eval/Experiment_Results/DA-KGQA/gemini-flash-2.5.csv,MORTAR_006,What equipment units offer both sensing functionality and settable thresholds?,bldg11,dakgqa_google/gemini-flash,gemini-flash-2.5,False,,0.0,0,0,0,0,,,,,,,,,,0.57
/Users/lazlopaul/Desktop/223p/experiments/sparql-relax-rs/eval/Experiment_Results/DA-KGQA/gemini-flash-2.5.csv,MORTAR_007,Find all AHUs with heating and cooling command points,bldg11,dakgqa_google/gemini-flash,gemini-flash-2.5,False,,0.0,0,0,0,0,,,,,,,,,,0.668
/Users/lazlopaul/Desktop/223p/experiments/sparql-relax-rs/eval/Experiment_Results/DA-KGQA/gemini-flash-2.5.csv,MORTAR_007,Which air handler units have both a cooling and heating command?,bldg11,dakgqa_google/gemini-flash,gemini-flash-2.5,False,,0.0,0,0,0,1,,,,,,,,,,0.352
/Users/lazlopaul/Desktop/223p/experiments/sparql-relax-rs/eval/Experiment_Results/DA-KGQA/gemini-flash-2.5.csv,MORTAR_007,Is there any simultaneous heating and cooling fault in any of my AHUs?,bldg11,dakgqa_google/gemini-flash,gemini-flash-2.5,False,,0.0,0,0,0,0,,,,,,,,,,0.379
/Users/lazlopaul/Desktop/223p/experiments/sparql-relax-rs/eval/Experiment_Results/DA-KGQA/gemini-flash-2.5.csv,MORTAR_007,"Which air handling unit has point a cooling command and has point a heating command, and what are those points?",bldg11,dakgqa_google/gemini-flash,gemini-flash-2.5,True,,1.0,0,0,,,,,,,,,,,,
/Users/lazlopaul/Desktop/223p/experiments/sparql-relax-rs/eval/Experiment_Results/DA-KGQA/gemini-flash-2.5.csv,MORTAR_006,Which devices in the system support both readings and configuration settings?,bldg11,dakgqa_google/gemini-flash,gemini-flash-2.5,False,,0.0,0,0,1,0,,,,,,,,,,0.337
/Users/lazlopaul/Desktop/223p/experiments/sparql-relax-rs/eval/Experiment_Results/DA-KGQA/gemini-flash-2.5.csv,MORTAR_006,"For each piece of equipment that has points, what sensor and what setpoint are linked to it via the has point relationship?",bldg11,dakgqa_google/gemini-flash,gemini-flash-2.5,False,,0.0,0,0,0,0,,,,,,,,,timed out after 5.0s,5.52
/Users/lazlopaul/Desktop/223p/experiments/sparql-relax-rs/eval/Experiment_Results/DA-KGQA/gemini-flash-2.5.csv,MORTAR_005,"For each HVAC unit, what temperature sensor is installed and what setpoint does it have for controlling room air temperature?",bldg11,dakgqa_google/gemini-flash,gemini-flash-2.5,False,,0.0,0,0,1,2,1,0.0,0,0,0.0,?commonTag <https://brickschema.org/schema/Brick#isAssociatedWith> ?setpointType,(((((((((^(<https://brickschema.org/schema/Brick#hasSubstance>) | ^(<https://brickschema.org/schema/Brick#hasQuantity>)) | ^(<https://brickschema.org/schema/Brick#hasAssociatedTag>)) | ^(<http://www.w3.org/ns/shacl#rule>)) | ^(<http://www.w3.org/2004/02/skos/core#definition>)) | ^(<http://www.w3.org/2002/07/owl#equivalentClass>)) | ^(<http://www.w3.org/2000/01/rdf-schema#subClassOf>)) | ^(<http://www.w3.org/2000/01/rdf-schema#label>)) | ^(<http://www.w3.org/1999/02/22-rdf-syntax-ns#type>)) | <http://www.w3.org/2000/01/rdf-schema#subClassOf>),"SELECT DISTINCT ?hvacContext ?sensorType ?sensorLabel ?setpointType ?setpointLabel ?setpointDefinition WHERE { ?sensorType <http://www.w3.org/1999/02/22-rdf-syntax-ns#type> <http://www.w3.org/2002/07/owl#Class> .?sensorType <http://www.w3.org/2000/01/rdf-schema#label> ?sensorLabel .?sensorType <https://brickschema.org/schema/Brick#hasQuantity> <http://qudt.org/vocab/quantitykind/Temperature> .?setpointType <http://www.w3.org/1999/02/22-rdf-syntax-ns#type> <http://www.w3.org/2002/07/owl#Class> .?setpointType <http://www.w3.org/2000/01/rdf-schema#label> ?setpointLabel .?setpointType <https://brickschema.org/schema/Brick#hasQuantity> <http://qudt.org/vocab/quantitykind/Temperature> . OPTIONAL { ?setpointType <http://www.w3.org/2004/02/skos/core#definition> ?setpointDefinition . FILTER(CONTAINS(LCASE(?setpointDefinition), ""room air temperature"")) } OPTIONAL { ?sensorType <https://brickschema.org/schema/Brick#hasSubstance> ?substance .?setpointType <https://brickschema.org/schema/Brick#hasSubstance> ?substance . BIND(?substance AS ?hvacContext) FILTER((?substance IN (<https://brickschema.org/schema/Brick#Air>, <https://brickschema.org/schema/Brick#Mixed_Air>, <https://brickschema.org/schema/Brick#Supply_Air>, <https://brickschema.org/schema/Brick#Zone_Air>, <https://brickschema.org/schema/Brick#Discharge_Air>))) } OPTIONAL { ?commonTag <http://www.w3.org/1999/02/22-rdf-syntax-ns#type> <https://brickschema.org/schema/Brick#Tag> .?sensorType <https://brickschema.org/schema/Brick#hasAssociatedTag> ?commonTag . ?commonTag (((((((((^(<https://brickschema.org/schema/Brick#hasSubstance>) | ^(<https://brickschema.org/schema/Brick#hasQuantity>)) | ^(<https://brickschema.org/schema/Brick#hasAssociatedTag>)) | ^(<http://www.w3.org/ns/shacl#rule>)) | ^(<http://www.w3.org/2004/02/skos/core#definition>)) | ^(<http://www.w3.org/2002/07/owl#equivalentClass>)) | ^(<http://www.w3.org/2000/01/rdf-schema#subClassOf>)) | ^(<http://www.w3.org/2000/01/rdf-schema#label>)) | ^(<http://www.w3.org/1999/02/22-rdf-syntax-ns#type>)) | <http://www.w3.org/2000/01/rdf-schema#subClassOf>) ?setpointType . BIND(?commonTag AS ?hvacContext) FILTER((?commonTag IN (<https://brickschema.org/schema/BrickTag#Room>, <https://brickschema.org/schema/BrickTag#Air>, <https://brickschema.org/schema/BrickTag#Temperature>, <https://brickschema.org/schema/BrickTag#Point>, <https://brickschema.org/schema/BrickTag#HVAC>))) } FILTER((((CONTAINS(STR(?sensorType), ""Temperature_Sensor"") || (?sensorType = <https://brickschema.org/schema/Brick#Temperature_Sensor>)) && (CONTAINS(STR(?setpointType), ""Temperature_Setpoint"") || (?setpointType = <https://brickschema.org/schema/Brick#Setpoint>))) && BOUND(?hvacContext))) } LIMIT 50000",,6.652
/Users/lazlopaul/Desktop/223p/experiments/sparql-relax-rs/eval/Experiment_Results/DA-KGQA/gemini-flash-2.5.csv,LBNL_001,"Identify each entity that is a zone, and either has a directly associated property or is indirectly connected to a property via a RoomDomainSpace through a chain of connections.",b59,dakgqa_google/gemini-flash,gemini-flash-2.5,True,,0.136182,0,0,,,,,,,,,,,,
